시도,군구,관광지명,유료/무료,연도월,입장객수,연도
제주특별자치도,제주시,도립미술관,유료,2018년 01월,42.0,2018
제주특별자치도,제주시,만장굴관광지,유료,2018년 01월,2157.0,2018
제주특별자치도,제주시,민속자연사박물관,유료,2018년 01월,1082.0,2018
제주특별자치도,제주시,비자림,유료,2018년 01월,166.0,2018
제주특별자치도,제주시,절물자연휴양림,유료,2018년 01월,,2018
제주특별자치도,제주시,제주도립 김창열미술관,유료,2018년 01월,,2018
제주특별자치도,제주시,제주돌문화공원,유료,2018년 01월,241.0,2018
제주특별자치도,제주시,제주목관아지,유료,2018년 01월,584.0,2018
제주특별자치도,제주시,제주별빛누리공원,유료,2018년 01월,27.0,2018
제주특별자치도,제주시,해녀 박물관,유료,2018년 01월,3465.0,2018
제주특별자치도,제주시,국립제주박물관,무료,2018년 01월,120.0,2018
제주특별자치도,제주시,삼양선사유적지,무료,2018년 01월,2.0,2018
제주특별자치도,제주시,제주항일기념관,무료,2018년 01월,0.0,2018
제주특별자치도,제주시,한라산국립공원,무료,2018년 01월,9702.0,2018
제주특별자치도,제주시,항몽 유적지,무료,2018년 01월,26.0,2018
제주특별자치도,서귀포시,감귤박물관,유료,2018년 01월,0.0,2018
제주특별자치도,서귀포시,기당미술관,유료,2018년 01월,7.0,2018
제주특별자치도,서귀포시,마라해양도립공원,유료,2018년 01월,,2018
제주특별자치도,서귀포시,산방산,유료,2018년 01월,205.0,2018
제주특별자치도,서귀포시,서귀포도립해양공원,유료,2018년 01월,,2018
제주특별자치도,서귀포시,서귀포자연휴양림,유료,2018년 01월,19.0,2018
제주특별자치도,서귀포시,서복전시관,유료,2018년 01월,138.0,2018
제주특별자치도,서귀포시,성산일출봉,유료,2018년 01월,11315.0,2018
제주특별자치도,서귀포시,이중섭미술관,유료,2018년 01월,60.0,2018
제주특별자치도,서귀포시,일출랜드,유료,2018년 01월,491.0,2018
제주특별자치도,서귀포시,정방폭포,유료,2018년 01월,823.0,2018
제주특별자치도,서귀포시,중문대포해안주상절리대,유료,2018년 01월,2604.0,2018
제주특별자치도,서귀포시,천제연폭포,유료,2018년 01월,1246.0,2018
제주특별자치도,서귀포시,천지연폭포,유료,2018년 01월,1497.0,2018
제주특별자치도,서귀포시,카멜리아힐,유료,2018년 01월,110.0,2018
제주특별자치도,서귀포시,한화아쿠아플라넷제주,유료,2018년 01월,4115.0,2018
제주특별자치도,서귀포시,제주추사관,무료,2018년 01월,0.0,2018
제주특별자치도,제주시,도립미술관,유료,2018년 02월,54.0,2018
제주특별자치도,제주시,만장굴관광지,유료,2018년 02월,2319.0,2018
제주특별자치도,제주시,민속자연사박물관,유료,2018년 02월,1578.0,2018
제주특별자치도,제주시,비자림,유료,2018년 02월,154.0,2018
제주특별자치도,제주시,절물자연휴양림,유료,2018년 02월,,2018
제주특별자치도,제주시,제주도립 김창열미술관,유료,2018년 02월,,2018
제주특별자치도,제주시,제주돌문화공원,유료,2018년 02월,197.0,2018
제주특별자치도,제주시,제주목관아지,유료,2018년 02월,1063.0,2018
제주특별자치도,제주시,제주별빛누리공원,유료,2018년 02월,53.0,2018
제주특별자치도,제주시,해녀 박물관,유료,2018년 02월,3087.0,2018
제주특별자치도,제주시,국립제주박물관,무료,2018년 02월,216.0,2018
제주특별자치도,제주시,삼양선사유적지,무료,2018년 02월,8.0,2018
제주특별자치도,제주시,제주항일기념관,무료,2018년 02월,65.0,2018
제주특별자치도,제주시,한라산국립공원,무료,2018년 02월,3063.0,2018
제주특별자치도,제주시,항몽 유적지,무료,2018년 02월,57.0,2018
제주특별자치도,서귀포시,감귤박물관,유료,2018년 02월,77.0,2018
제주특별자치도,서귀포시,기당미술관,유료,2018년 02월,0.0,2018
제주특별자치도,서귀포시,마라해양도립공원,유료,2018년 02월,,2018
제주특별자치도,서귀포시,산방산,유료,2018년 02월,432.0,2018
제주특별자치도,서귀포시,서귀포도립해양공원,유료,2018년 02월,,2018
제주특별자치도,서귀포시,서귀포자연휴양림,유료,2018년 02월,12.0,2018
제주특별자치도,서귀포시,서복전시관,유료,2018년 02월,69.0,2018
제주특별자치도,서귀포시,성산일출봉,유료,2018년 02월,15596.0,2018
제주특별자치도,서귀포시,이중섭미술관,유료,2018년 02월,30.0,2018
제주특별자치도,서귀포시,일출랜드,유료,2018년 02월,267.0,2018
제주특별자치도,서귀포시,정방폭포,유료,2018년 02월,1136.0,2018
제주특별자치도,서귀포시,중문대포해안주상절리대,유료,2018년 02월,4782.0,2018
제주특별자치도,서귀포시,천제연폭포,유료,2018년 02월,2740.0,2018
제주특별자치도,서귀포시,천지연폭포,유료,2018년 02월,2426.0,2018
제주특별자치도,서귀포시,카멜리아힐,유료,2018년 02월,121.0,2018
제주특별자치도,서귀포시,한화아쿠아플라넷제주,유료,2018년 02월,4630.0,2018
제주특별자치도,서귀포시,제주추사관,무료,2018년 02월,3.0,2018
제주특별자치도,제주시,도립미술관,유료,2018년 03월,54.0,2018
제주특별자치도,제주시,만장굴관광지,유료,2018년 03월,5469.0,2018
제주특별자치도,제주시,민속자연사박물관,유료,2018년 03월,2350.0,2018
제주특별자치도,제주시,비자림,유료,2018년 03월,206.0,2018
제주특별자치도,제주시,절물자연휴양림,유료,2018년 03월,,2018
제주특별자치도,제주시,제주도립 김창열미술관,유료,2018년 03월,,2018
제주특별자치도,제주시,제주돌문화공원,유료,2018년 03월,635.0,2018
제주특별자치도,제주시,제주목관아지,유료,2018년 03월,1267.0,2018
제주특별자치도,제주시,제주별빛누리공원,유료,2018년 03월,30.0,2018
제주특별자치도,제주시,해녀 박물관,유료,2018년 03월,1178.0,2018
제주특별자치도,제주시,국립제주박물관,무료,2018년 03월,200.0,2018
제주특별자치도,제주시,삼양선사유적지,무료,2018년 03월,59.0,2018
제주특별자치도,제주시,제주항일기념관,무료,2018년 03월,105.0,2018
제주특별자치도,제주시,한라산국립공원,무료,2018년 03월,5634.0,2018
제주특별자치도,제주시,항몽 유적지,무료,2018년 03월,93.0,2018
제주특별자치도,서귀포시,감귤박물관,유료,2018년 03월,39.0,2018
제주특별자치도,서귀포시,기당미술관,유료,2018년 03월,0.0,2018
제주특별자치도,서귀포시,마라해양도립공원,유료,2018년 03월,,2018
제주특별자치도,서귀포시,산방산,유료,2018년 03월,651.0,2018
제주특별자치도,서귀포시,서귀포도립해양공원,유료,2018년 03월,,2018
제주특별자치도,서귀포시,서귀포자연휴양림,유료,2018년 03월,5.0,2018
제주특별자치도,서귀포시,서복전시관,유료,2018년 03월,96.0,2018
제주특별자치도,서귀포시,성산일출봉,유료,2018년 03월,19117.0,2018
제주특별자치도,서귀포시,이중섭미술관,유료,2018년 03월,18.0,2018
제주특별자치도,서귀포시,일출랜드,유료,2018년 03월,1226.0,2018
제주특별자치도,서귀포시,정방폭포,유료,2018년 03월,2213.0,2018
제주특별자치도,서귀포시,중문대포해안주상절리대,유료,2018년 03월,7041.0,2018
제주특별자치도,서귀포시,천제연폭포,유료,2018년 03월,6666.0,2018
제주특별자치도,서귀포시,천지연폭포,유료,2018년 03월,5320.0,2018
제주특별자치도,서귀포시,카멜리아힐,유료,2018년 03월,151.0,2018
제주특별자치도,서귀포시,한화아쿠아플라넷제주,유료,2018년 03월,3831.0,2018
제주특별자치도,서귀포시,제주추사관,무료,2018년 03월,10.0,2018
제주특별자치도,제주시,도립미술관,유료,2018년 04월,134.0,2018
제주특별자치도,제주시,만장굴관광지,유료,2018년 04월,7345.0,2018
제주특별자치도,제주시,민속자연사박물관,유료,2018년 04월,3832.0,2018
제주특별자치도,제주시,비자림,유료,2018년 04월,405.0,2018
제주특별자치도,제주시,절물자연휴양림,유료,2018년 04월,,2018
제주특별자치도,제주시,제주도립 김창열미술관,유료,2018년 04월,,2018
제주특별자치도,제주시,제주돌문화공원,유료,2018년 04월,916.0,2018
제주특별자치도,제주시,제주목관아지,유료,2018년 04월,1160.0,2018
제주특별자치도,제주시,제주별빛누리공원,유료,2018년 04월,63.0,2018
제주특별자치도,제주시,해녀 박물관,유료,2018년 04월,1549.0,2018
제주특별자치도,제주시,국립제주박물관,무료,2018년 04월,256.0,2018
제주특별자치도,제주시,삼양선사유적지,무료,2018년 04월,70.0,2018
제주특별자치도,제주시,제주항일기념관,무료,2018년 04월,185.0,2018
제주특별자치도,제주시,한라산국립공원,무료,2018년 04월,5795.0,2018
제주특별자치도,제주시,항몽 유적지,무료,2018년 04월,190.0,2018
제주특별자치도,서귀포시,감귤박물관,유료,2018년 04월,130.0,2018
제주특별자치도,서귀포시,기당미술관,유료,2018년 04월,0.0,2018
제주특별자치도,서귀포시,마라해양도립공원,유료,2018년 04월,,2018
제주특별자치도,서귀포시,산방산,유료,2018년 04월,1221.0,2018
제주특별자치도,서귀포시,서귀포도립해양공원,유료,2018년 04월,,2018
제주특별자치도,서귀포시,서귀포자연휴양림,유료,2018년 04월,2.0,2018
제주특별자치도,서귀포시,서복전시관,유료,2018년 04월,159.0,2018
제주특별자치도,서귀포시,성산일출봉,유료,2018년 04월,36119.0,2018
제주특별자치도,서귀포시,이중섭미술관,유료,2018년 04월,87.0,2018
제주특별자치도,서귀포시,일출랜드,유료,2018년 04월,595.0,2018
제주특별자치도,서귀포시,정방폭포,유료,2018년 04월,6031.0,2018
제주특별자치도,서귀포시,중문대포해안주상절리대,유료,2018년 04월,9959.0,2018
제주특별자치도,서귀포시,천제연폭포,유료,2018년 04월,11122.0,2018
제주특별자치도,서귀포시,천지연폭포,유료,2018년 04월,7367.0,2018
제주특별자치도,서귀포시,카멜리아힐,유료,2018년 04월,1408.0,2018
제주특별자치도,서귀포시,한화아쿠아플라넷제주,유료,2018년 04월,4686.0,2018
제주특별자치도,서귀포시,제주추사관,무료,2018년 04월,32.0,2018
제주특별자치도,제주시,도립미술관,유료,2018년 05월,75.0,2018
제주특별자치도,제주시,만장굴관광지,유료,2018년 05월,8333.0,2018
제주특별자치도,제주시,민속자연사박물관,유료,2018년 05월,2287.0,2018
제주특별자치도,제주시,비자림,유료,2018년 05월,334.0,2018
제주특별자치도,제주시,절물자연휴양림,유료,2018년 05월,,2018
제주특별자치도,제주시,제주도립 김창열미술관,유료,2018년 05월,,2018
제주특별자치도,제주시,제주돌문화공원,유료,2018년 05월,1696.0,2018
제주특별자치도,제주시,제주목관아지,유료,2018년 05월,1517.0,2018
제주특별자치도,제주시,제주별빛누리공원,유료,2018년 05월,25.0,2018
제주특별자치도,제주시,해녀 박물관,유료,2018년 05월,1024.0,2018
제주특별자치도,제주시,국립제주박물관,무료,2018년 05월,1491.0,2018
제주특별자치도,제주시,삼양선사유적지,무료,2018년 05월,52.0,2018
제주특별자치도,제주시,제주항일기념관,무료,2018년 05월,134.0,2018
제주특별자치도,제주시,한라산국립공원,무료,2018년 05월,6263.0,2018
제주특별자치도,제주시,항몽 유적지,무료,2018년 05월,196.0,2018
제주특별자치도,서귀포시,감귤박물관,유료,2018년 05월,45.0,2018
제주특별자치도,서귀포시,기당미술관,유료,2018년 05월,6.0,2018
제주특별자치도,서귀포시,마라해양도립공원,유료,2018년 05월,,2018
제주특별자치도,서귀포시,산방산,유료,2018년 05월,821.0,2018
제주특별자치도,서귀포시,서귀포도립해양공원,유료,2018년 05월,,2018
제주특별자치도,서귀포시,서귀포자연휴양림,유료,2018년 05월,19.0,2018
제주특별자치도,서귀포시,서복전시관,유료,2018년 05월,132.0,2018
제주특별자치도,서귀포시,성산일출봉,유료,2018년 05월,25145.0,2018
제주특별자치도,서귀포시,이중섭미술관,유료,2018년 05월,89.0,2018
제주특별자치도,서귀포시,일출랜드,유료,2018년 05월,511.0,2018
제주특별자치도,서귀포시,정방폭포,유료,2018년 05월,6952.0,2018
제주특별자치도,서귀포시,중문대포해안주상절리대,유료,2018년 05월,7714.0,2018
제주특별자치도,서귀포시,천제연폭포,유료,2018년 05월,9106.0,2018
제주특별자치도,서귀포시,천지연폭포,유료,2018년 05월,7495.0,2018
제주특별자치도,서귀포시,카멜리아힐,유료,2018년 05월,989.0,2018
제주특별자치도,서귀포시,한화아쿠아플라넷제주,유료,2018년 05월,5468.0,2018
제주특별자치도,서귀포시,제주추사관,무료,2018년 05월,8.0,2018
제주특별자치도,제주시,도립미술관,유료,2018년 06월,29.0,2018
제주특별자치도,제주시,만장굴관광지,유료,2018년 06월,8721.0,2018
제주특별자치도,제주시,민속자연사박물관,유료,2018년 06월,3869.0,2018
제주특별자치도,제주시,비자림,유료,2018년 06월,238.0,2018
제주특별자치도,제주시,절물자연휴양림,유료,2018년 06월,,2018
제주특별자치도,제주시,제주도립 김창열미술관,유료,2018년 06월,,2018
제주특별자치도,제주시,제주돌문화공원,유료,2018년 06월,785.0,2018
제주특별자치도,제주시,제주목관아지,유료,2018년 06월,1647.0,2018
제주특별자치도,제주시,제주별빛누리공원,유료,2018년 06월,76.0,2018
제주특별자치도,제주시,해녀 박물관,유료,2018년 06월,3013.0,2018
제주특별자치도,제주시,국립제주박물관,무료,2018년 06월,247.0,2018
제주특별자치도,제주시,삼양선사유적지,무료,2018년 06월,50.0,2018
제주특별자치도,제주시,제주항일기념관,무료,2018년 06월,121.0,2018
제주특별자치도,제주시,한라산국립공원,무료,2018년 06월,7380.0,2018
제주특별자치도,제주시,항몽 유적지,무료,2018년 06월,338.0,2018
제주특별자치도,서귀포시,감귤박물관,유료,2018년 06월,153.0,2018
제주특별자치도,서귀포시,기당미술관,유료,2018년 06월,5.0,2018
제주특별자치도,서귀포시,마라해양도립공원,유료,2018년 06월,,2018
제주특별자치도,서귀포시,산방산,유료,2018년 06월,865.0,2018
제주특별자치도,서귀포시,서귀포도립해양공원,유료,2018년 06월,,2018
제주특별자치도,서귀포시,서귀포자연휴양림,유료,2018년 06월,27.0,2018
제주특별자치도,서귀포시,서복전시관,유료,2018년 06월,183.0,2018
제주특별자치도,서귀포시,성산일출봉,유료,2018년 06월,29631.0,2018
제주특별자치도,서귀포시,이중섭미술관,유료,2018년 06월,56.0,2018
제주특별자치도,서귀포시,일출랜드,유료,2018년 06월,206.0,2018
제주특별자치도,서귀포시,정방폭포,유료,2018년 06월,7684.0,2018
제주특별자치도,서귀포시,중문대포해안주상절리대,유료,2018년 06월,11872.0,2018
제주특별자치도,서귀포시,천제연폭포,유료,2018년 06월,8258.0,2018
제주특별자치도,서귀포시,천지연폭포,유료,2018년 06월,7788.0,2018
제주특별자치도,서귀포시,카멜리아힐,유료,2018년 06월,1366.0,2018
제주특별자치도,서귀포시,한화아쿠아플라넷제주,유료,2018년 06월,3947.0,2018
제주특별자치도,서귀포시,제주추사관,무료,2018년 06월,30.0,2018
제주특별자치도,제주시,도립미술관,유료,2018년 07월,162.0,2018
제주특별자치도,제주시,만장굴관광지,유료,2018년 07월,7436.0,2018
제주특별자치도,제주시,민속자연사박물관,유료,2018년 07월,3248.0,2018
제주특별자치도,제주시,비자림,유료,2018년 07월,430.0,2018
제주특별자치도,제주시,절물자연휴양림,유료,2018년 07월,,2018
제주특별자치도,제주시,제주도립 김창열미술관,유료,2018년 07월,4.0,2018
제주특별자치도,제주시,제주돌문화공원,유료,2018년 07월,716.0,2018
제주특별자치도,제주시,제주목관아지,유료,2018년 07월,1237.0,2018
제주특별자치도,제주시,제주별빛누리공원,유료,2018년 07월,44.0,2018
제주특별자치도,제주시,해녀 박물관,유료,2018년 07월,644.0,2018
제주특별자치도,제주시,국립제주박물관,무료,2018년 07월,620.0,2018
제주특별자치도,제주시,삼양선사유적지,무료,2018년 07월,78.0,2018
제주특별자치도,제주시,제주항일기념관,무료,2018년 07월,65.0,2018
제주특별자치도,제주시,한라산국립공원,무료,2018년 07월,4122.0,2018
제주특별자치도,제주시,항몽 유적지,무료,2018년 07월,412.0,2018
제주특별자치도,서귀포시,감귤박물관,유료,2018년 07월,136.0,2018
제주특별자치도,서귀포시,기당미술관,유료,2018년 07월,2.0,2018
제주특별자치도,서귀포시,마라해양도립공원,유료,2018년 07월,,2018
제주특별자치도,서귀포시,산방산,유료,2018년 07월,531.0,2018
제주특별자치도,서귀포시,서귀포도립해양공원,유료,2018년 07월,,2018
제주특별자치도,서귀포시,서귀포자연휴양림,유료,2018년 07월,55.0,2018
제주특별자치도,서귀포시,서복전시관,유료,2018년 07월,168.0,2018
제주특별자치도,서귀포시,성산일출봉,유료,2018년 07월,21524.0,2018
제주특별자치도,서귀포시,이중섭미술관,유료,2018년 07월,144.0,2018
제주특별자치도,서귀포시,일출랜드,유료,2018년 07월,341.0,2018
제주특별자치도,서귀포시,정방폭포,유료,2018년 07월,6523.0,2018
제주특별자치도,서귀포시,중문대포해안주상절리대,유료,2018년 07월,12762.0,2018
제주특별자치도,서귀포시,천제연폭포,유료,2018년 07월,6116.0,2018
제주특별자치도,서귀포시,천지연폭포,유료,2018년 07월,5472.0,2018
제주특별자치도,서귀포시,카멜리아힐,유료,2018년 07월,1771.0,2018
제주특별자치도,서귀포시,한화아쿠아플라넷제주,유료,2018년 07월,6580.0,2018
제주특별자치도,서귀포시,제주추사관,무료,2018년 07월,26.0,2018
제주특별자치도,제주시,도립미술관,유료,2018년 08월,198.0,2018
제주특별자치도,제주시,만장굴관광지,유료,2018년 08월,7483.0,2018
제주특별자치도,제주시,민속자연사박물관,유료,2018년 08월,3826.0,2018
제주특별자치도,제주시,비자림,유료,2018년 08월,319.0,2018
제주특별자치도,제주시,절물자연휴양림,유료,2018년 08월,,2018
제주특별자치도,제주시,제주도립 김창열미술관,유료,2018년 08월,3.0,2018
제주특별자치도,제주시,제주돌문화공원,유료,2018년 08월,859.0,2018
제주특별자치도,제주시,제주목관아지,유료,2018년 08월,1903.0,2018
제주특별자치도,제주시,제주별빛누리공원,유료,2018년 08월,63.0,2018
제주특별자치도,제주시,해녀 박물관,유료,2018년 08월,384.0,2018
제주특별자치도,제주시,국립제주박물관,무료,2018년 08월,639.0,2018
제주특별자치도,제주시,삼양선사유적지,무료,2018년 08월,24.0,2018
제주특별자치도,제주시,제주항일기념관,무료,2018년 08월,121.0,2018
제주특별자치도,제주시,한라산국립공원,무료,2018년 08월,5571.0,2018
제주특별자치도,제주시,항몽 유적지,무료,2018년 08월,166.0,2018
제주특별자치도,서귀포시,감귤박물관,유료,2018년 08월,107.0,2018
제주특별자치도,서귀포시,기당미술관,유료,2018년 08월,4.0,2018
제주특별자치도,서귀포시,마라해양도립공원,유료,2018년 08월,,2018
제주특별자치도,서귀포시,산방산,유료,2018년 08월,502.0,2018
제주특별자치도,서귀포시,서귀포도립해양공원,유료,2018년 08월,,2018
제주특별자치도,서귀포시,서귀포자연휴양림,유료,2018년 08월,32.0,2018
제주특별자치도,서귀포시,서복전시관,유료,2018년 08월,18.0,2018
제주특별자치도,서귀포시,성산일출봉,유료,2018년 08월,22683.0,2018
제주특별자치도,서귀포시,이중섭미술관,유료,2018년 08월,146.0,2018
제주특별자치도,서귀포시,일출랜드,유료,2018년 08월,655.0,2018
제주특별자치도,서귀포시,정방폭포,유료,2018년 08월,6357.0,2018
제주특별자치도,서귀포시,중문대포해안주상절리대,유료,2018년 08월,12607.0,2018
제주특별자치도,서귀포시,천제연폭포,유료,2018년 08월,5137.0,2018
제주특별자치도,서귀포시,천지연폭포,유료,2018년 08월,4035.0,2018
제주특별자치도,서귀포시,카멜리아힐,유료,2018년 08월,992.0,2018
제주특별자치도,서귀포시,한화아쿠아플라넷제주,유료,2018년 08월,8361.0,2018
제주특별자치도,서귀포시,제주추사관,무료,2018년 08월,5.0,2018
제주특별자치도,제주시,도립미술관,유료,2018년 09월,160.0,2018
제주특별자치도,제주시,만장굴관광지,유료,2018년 09월,7606.0,2018
제주특별자치도,제주시,민속자연사박물관,유료,2018년 09월,4606.0,2018
제주특별자치도,제주시,비자림,유료,2018년 09월,338.0,2018
제주특별자치도,제주시,절물자연휴양림,유료,2018년 09월,,2018
제주특별자치도,제주시,제주도립 김창열미술관,유료,2018년 09월,10.0,2018
제주특별자치도,제주시,제주돌문화공원,유료,2018년 09월,781.0,2018
제주특별자치도,제주시,제주목관아지,유료,2018년 09월,1433.0,2018
제주특별자치도,제주시,제주별빛누리공원,유료,2018년 09월,37.0,2018
제주특별자치도,제주시,해녀 박물관,유료,2018년 09월,560.0,2018
제주특별자치도,제주시,국립제주박물관,무료,2018년 09월,289.0,2018
제주특별자치도,제주시,삼양선사유적지,무료,2018년 09월,213.0,2018
제주특별자치도,제주시,제주항일기념관,무료,2018년 09월,88.0,2018
제주특별자치도,제주시,한라산국립공원,무료,2018년 09월,7077.0,2018
제주특별자치도,제주시,항몽 유적지,무료,2018년 09월,213.0,2018
제주특별자치도,서귀포시,감귤박물관,유료,2018년 09월,85.0,2018
제주특별자치도,서귀포시,기당미술관,유료,2018년 09월,6.0,2018
제주특별자치도,서귀포시,마라해양도립공원,유료,2018년 09월,,2018
제주특별자치도,서귀포시,산방산,유료,2018년 09월,604.0,2018
제주특별자치도,서귀포시,서귀포도립해양공원,유료,2018년 09월,,2018
제주특별자치도,서귀포시,서귀포자연휴양림,유료,2018년 09월,6.0,2018
제주특별자치도,서귀포시,서복전시관,유료,2018년 09월,3.0,2018
제주특별자치도,서귀포시,성산일출봉,유료,2018년 09월,27419.0,2018
제주특별자치도,서귀포시,이중섭미술관,유료,2018년 09월,6.0,2018
제주특별자치도,서귀포시,일출랜드,유료,2018년 09월,519.0,2018
제주특별자치도,서귀포시,정방폭포,유료,2018년 09월,7279.0,2018
제주특별자치도,서귀포시,중문대포해안주상절리대,유료,2018년 09월,11109.0,2018
제주특별자치도,서귀포시,천제연폭포,유료,2018년 09월,5098.0,2018
제주특별자치도,서귀포시,천지연폭포,유료,2018년 09월,4734.0,2018
제주특별자치도,서귀포시,카멜리아힐,유료,2018년 09월,1235.0,2018
제주특별자치도,서귀포시,한화아쿠아플라넷제주,유료,2018년 09월,4353.0,2018
제주특별자치도,서귀포시,제주추사관,무료,2018년 09월,47.0,2018
제주특별자치도,제주시,도립미술관,유료,2018년 10월,29.0,2018
제주특별자치도,제주시,만장굴관광지,유료,2018년 10월,9131.0,2018
제주특별자치도,제주시,민속자연사박물관,유료,2018년 10월,5118.0,2018
제주특별자치도,제주시,비자림,유료,2018년 10월,712.0,2018
제주특별자치도,제주시,절물자연휴양림,유료,2018년 10월,,2018
제주특별자치도,제주시,제주도립 김창열미술관,유료,2018년 10월,5.0,2018
제주특별자치도,제주시,제주돌문화공원,유료,2018년 10월,703.0,2018
제주특별자치도,제주시,제주목관아지,유료,2018년 10월,2274.0,2018
제주특별자치도,제주시,제주별빛누리공원,유료,2018년 10월,40.0,2018
제주특별자치도,제주시,해녀 박물관,유료,2018년 10월,3356.0,2018
제주특별자치도,제주시,국립제주박물관,무료,2018년 10월,376.0,2018
제주특별자치도,제주시,삼양선사유적지,무료,2018년 10월,18.0,2018
제주특별자치도,제주시,제주항일기념관,무료,2018년 10월,134.0,2018
제주특별자치도,제주시,한라산국립공원,무료,2018년 10월,9452.0,2018
제주특별자치도,제주시,항몽 유적지,무료,2018년 10월,471.0,2018
제주특별자치도,서귀포시,감귤박물관,유료,2018년 10월,114.0,2018
제주특별자치도,서귀포시,기당미술관,유료,2018년 10월,4.0,2018
제주특별자치도,서귀포시,마라해양도립공원,유료,2018년 10월,,2018
제주특별자치도,서귀포시,산방산,유료,2018년 10월,1714.0,2018
제주특별자치도,서귀포시,서귀포도립해양공원,유료,2018년 10월,,2018
제주특별자치도,서귀포시,서귀포자연휴양림,유료,2018년 10월,124.0,2018
제주특별자치도,서귀포시,서복전시관,유료,2018년 10월,8.0,2018
제주특별자치도,서귀포시,성산일출봉,유료,2018년 10월,40014.0,2018
제주특별자치도,서귀포시,이중섭미술관,유료,2018년 10월,42.0,2018
제주특별자치도,서귀포시,일출랜드,유료,2018년 10월,611.0,2018
제주특별자치도,서귀포시,정방폭포,유료,2018년 10월,5927.0,2018
제주특별자치도,서귀포시,중문대포해안주상절리대,유료,2018년 10월,19323.0,2018
제주특별자치도,서귀포시,천제연폭포,유료,2018년 10월,9699.0,2018
제주특별자치도,서귀포시,천지연폭포,유료,2018년 10월,8241.0,2018
제주특별자치도,서귀포시,카멜리아힐,유료,2018년 10월,1862.0,2018
제주특별자치도,서귀포시,한화아쿠아플라넷제주,유료,2018년 10월,4639.0,2018
제주특별자치도,서귀포시,제주추사관,무료,2018년 10월,10.0,2018
제주특별자치도,제주시,도립미술관,유료,2018년 11월,31.0,2018
제주특별자치도,제주시,만장굴관광지,유료,2018년 11월,7187.0,2018
제주특별자치도,제주시,민속자연사박물관,유료,2018년 11월,4637.0,2018
제주특별자치도,제주시,비자림,유료,2018년 11월,336.0,2018
제주특별자치도,제주시,절물자연휴양림,유료,2018년 11월,,2018
제주특별자치도,제주시,제주도립 김창열미술관,유료,2018년 11월,7.0,2018
제주특별자치도,제주시,제주돌문화공원,유료,2018년 11월,484.0,2018
제주특별자치도,제주시,제주목관아지,유료,2018년 11월,2029.0,2018
제주특별자치도,제주시,제주별빛누리공원,유료,2018년 11월,19.0,2018
제주특별자치도,제주시,해녀 박물관,유료,2018년 11월,2659.0,2018
제주특별자치도,제주시,국립제주박물관,무료,2018년 11월,210.0,2018
제주특별자치도,제주시,삼양선사유적지,무료,2018년 11월,12.0,2018
제주특별자치도,제주시,제주항일기념관,무료,2018년 11월,141.0,2018
제주특별자치도,제주시,한라산국립공원,무료,2018년 11월,7900.0,2018
제주특별자치도,제주시,항몽 유적지,무료,2018년 11월,277.0,2018
제주특별자치도,서귀포시,감귤박물관,유료,2018년 11월,210.0,2018
제주특별자치도,서귀포시,기당미술관,유료,2018년 11월,8.0,2018
제주특별자치도,서귀포시,마라해양도립공원,유료,2018년 11월,,2018
제주특별자치도,서귀포시,산방산,유료,2018년 11월,1660.0,2018
제주특별자치도,서귀포시,서귀포도립해양공원,유료,2018년 11월,,2018
제주특별자치도,서귀포시,서귀포자연휴양림,유료,2018년 11월,41.0,2018
제주특별자치도,서귀포시,서복전시관,유료,2018년 11월,25.0,2018
제주특별자치도,서귀포시,성산일출봉,유료,2018년 11월,35661.0,2018
제주특별자치도,서귀포시,이중섭미술관,유료,2018년 11월,32.0,2018
제주특별자치도,서귀포시,일출랜드,유료,2018년 11월,193.0,2018
제주특별자치도,서귀포시,정방폭포,유료,2018년 11월,4274.0,2018
제주특별자치도,서귀포시,중문대포해안주상절리대,유료,2018년 11월,13014.0,2018
제주특별자치도,서귀포시,천제연폭포,유료,2018년 11월,7334.0,2018
제주특별자치도,서귀포시,천지연폭포,유료,2018년 11월,6347.0,2018
제주특별자치도,서귀포시,카멜리아힐,유료,2018년 11월,2554.0,2018
제주특별자치도,서귀포시,한화아쿠아플라넷제주,유료,2018년 11월,2350.0,2018
제주특별자치도,서귀포시,제주추사관,무료,2018년 11월,80.0,2018
제주특별자치도,제주시,도립미술관,유료,2018년 12월,38.0,2018
제주특별자치도,제주시,만장굴관광지,유료,2018년 12월,5301.0,2018
제주특별자치도,제주시,민속자연사박물관,유료,2018년 12월,5294.0,2018
제주특별자치도,제주시,비자림,유료,2018년 12월,227.0,2018
제주특별자치도,제주시,절물자연휴양림,유료,2018년 12월,,2018
제주특별자치도,제주시,제주도립 김창열미술관,유료,2018년 12월,10.0,2018
제주특별자치도,제주시,제주돌문화공원,유료,2018년 12월,350.0,2018
제주특별자치도,제주시,제주목관아지,유료,2018년 12월,1427.0,2018
제주특별자치도,제주시,제주별빛누리공원,유료,2018년 12월,26.0,2018
제주특별자치도,제주시,해녀 박물관,유료,2018년 12월,2165.0,2018
제주특별자치도,제주시,국립제주박물관,무료,2018년 12월,357.0,2018
제주특별자치도,제주시,삼양선사유적지,무료,2018년 12월,24.0,2018
제주특별자치도,제주시,제주항일기념관,무료,2018년 12월,72.0,2018
제주특별자치도,제주시,한라산국립공원,무료,2018년 12월,8186.0,2018
제주특별자치도,제주시,항몽 유적지,무료,2018년 12월,163.0,2018
제주특별자치도,서귀포시,감귤박물관,유료,2018년 12월,261.0,2018
제주특별자치도,서귀포시,기당미술관,유료,2018년 12월,3.0,2018
제주특별자치도,서귀포시,마라해양도립공원,유료,2018년 12월,,2018
제주특별자치도,서귀포시,산방산,유료,2018년 12월,758.0,2018
제주특별자치도,서귀포시,서귀포도립해양공원,유료,2018년 12월,,2018
제주특별자치도,서귀포시,서귀포자연휴양림,유료,2018년 12월,25.0,2018
제주특별자치도,서귀포시,서복전시관,유료,2018년 12월,26.0,2018
제주특별자치도,서귀포시,성산일출봉,유료,2018년 12월,39882.0,2018
제주특별자치도,서귀포시,이중섭미술관,유료,2018년 12월,9.0,2018
제주특별자치도,서귀포시,일출랜드,유료,2018년 12월,523.0,2018
제주특별자치도,서귀포시,정방폭포,유료,2018년 12월,3394.0,2018
제주특별자치도,서귀포시,중문대포해안주상절리대,유료,2018년 12월,9757.0,2018
제주특별자치도,서귀포시,천제연폭포,유료,2018년 12월,4034.0,2018
제주특별자치도,서귀포시,천지연폭포,유료,2018년 12월,3118.0,2018
제주특별자치도,서귀포시,카멜리아힐,유료,2018년 12월,3382.0,2018
제주특별자치도,서귀포시,한화아쿠아플라넷제주,유료,2018년 12월,5359.0,2018
제주특별자치도,서귀포시,제주추사관,무료,2018년 12월,12.0,2018
제주특별자치도,제주시,국립제주박물관,,2019년 01월,282.0,2019
제주특별자치도,제주시,도립미술관,,2019년 01월,6.0,2019
제주특별자치도,제주시,만장굴관광지,,2019년 01월,1688.0,2019
제주특별자치도,제주시,민속자연사박물관,,2019년 01월,3919.0,2019
제주특별자치도,제주시,비자림,,2019년 01월,83.0,2019
제주특별자치도,제주시,삼양선사유적지,,2019년 01월,12.0,2019
제주특별자치도,제주시,절물자연휴양림,,2019년 01월,0.0,2019
제주특별자치도,제주시,제주도립 김창열미술관,,2019년 01월,3.0,2019
제주특별자치도,제주시,제주돌문화공원,,2019년 01월,246.0,2019
제주특별자치도,제주시,제주목관아지,,2019년 01월,1701.0,2019
제주특별자치도,제주시,제주별빛누리공원,,2019년 01월,16.0,2019
제주특별자치도,제주시,제주항일기념관,,2019년 01월,41.0,2019
제주특별자치도,제주시,한라산국립공원,,2019년 01월,9526.0,2019
제주특별자치도,제주시,항몽 유적지,,2019년 01월,222.0,2019
제주특별자치도,제주시,해녀 박물관,,2019년 01월,2861.0,2019
제주특별자치도,서귀포시,감귤박물관,,2019년 01월,24.0,2019
제주특별자치도,서귀포시,기당미술관,,2019년 01월,3.0,2019
제주특별자치도,서귀포시,마라해양도립공원,,2019년 01월,0.0,2019
제주특별자치도,서귀포시,박물관은살아있다,,2019년 01월,1239.0,2019
제주특별자치도,서귀포시,산방산,,2019년 01월,721.0,2019
제주특별자치도,서귀포시,서귀포도립해양공원,,2019년 01월,0.0,2019
제주특별자치도,서귀포시,서귀포자연휴양림,,2019년 01월,0.0,2019
제주특별자치도,서귀포시,서복전시관,,2019년 01월,31.0,2019
제주특별자치도,서귀포시,성산일출봉,,2019년 01월,22253.0,2019
제주특별자치도,서귀포시,이중섭미술관,,2019년 01월,40.0,2019
제주특별자치도,서귀포시,일출랜드,,2019년 01월,444.0,2019
제주특별자치도,서귀포시,정방폭포,,2019년 01월,973.0,2019
제주특별자치도,서귀포시,제주추사관,,2019년 01월,6.0,2019
제주특별자치도,서귀포시,중문대포해안주상절리대,,2019년 01월,4619.0,2019
제주특별자치도,서귀포시,천제연폭포,,2019년 01월,3174.0,2019
제주특별자치도,서귀포시,천지연폭포,,2019년 01월,1160.0,2019
제주특별자치도,서귀포시,카멜리아힐,,2019년 01월,2945.0,2019
제주특별자치도,서귀포시,퍼시픽랜드,,2019년 01월,0.0,2019
제주특별자치도,서귀포시,한화아쿠아플라넷제주,,2019년 01월,4916.0,2019
제주특별자치도,제주시,국립제주박물관,,2019년 02월,391.0,2019
제주특별자치도,제주시,도립미술관,,2019년 02월,12.0,2019
제주특별자치도,제주시,만장굴관광지,,2019년 02월,1951.0,2019
제주특별자치도,제주시,민속자연사박물관,,2019년 02월,5333.0,2019
제주특별자치도,제주시,비자림,,2019년 02월,123.0,2019
제주특별자치도,제주시,삼양선사유적지,,2019년 02월,8.0,2019
제주특별자치도,제주시,절물자연휴양림,,2019년 02월,0.0,2019
제주특별자치도,제주시,제주도립 김창열미술관,,2019년 02월,7.0,2019
제주특별자치도,제주시,제주돌문화공원,,2019년 02월,208.0,2019
제주특별자치도,제주시,제주목관아지,,2019년 02월,3006.0,2019
제주특별자치도,제주시,제주별빛누리공원,,2019년 02월,25.0,2019
제주특별자치도,제주시,제주항일기념관,,2019년 02월,45.0,2019
제주특별자치도,제주시,한라산국립공원,,2019년 02월,7223.0,2019
제주특별자치도,제주시,항몽 유적지,,2019년 02월,81.0,2019
제주특별자치도,제주시,해녀 박물관,,2019년 02월,2762.0,2019
제주특별자치도,서귀포시,감귤박물관,,2019년 02월,95.0,2019
제주특별자치도,서귀포시,기당미술관,,2019년 02월,8.0,2019
제주특별자치도,서귀포시,마라해양도립공원,,2019년 02월,0.0,2019
제주특별자치도,서귀포시,박물관은살아있다,,2019년 02월,2039.0,2019
제주특별자치도,서귀포시,산방산,,2019년 02월,845.0,2019
제주특별자치도,서귀포시,서귀포도립해양공원,,2019년 02월,0.0,2019
제주특별자치도,서귀포시,서귀포자연휴양림,,2019년 02월,33.0,2019
제주특별자치도,서귀포시,서복전시관,,2019년 02월,4.0,2019
제주특별자치도,서귀포시,성산일출봉,,2019년 02월,29016.0,2019
제주특별자치도,서귀포시,이중섭미술관,,2019년 02월,22.0,2019
제주특별자치도,서귀포시,일출랜드,,2019년 02월,765.0,2019
제주특별자치도,서귀포시,정방폭포,,2019년 02월,1938.0,2019
제주특별자치도,서귀포시,제주추사관,,2019년 02월,12.0,2019
제주특별자치도,서귀포시,중문대포해안주상절리대,,2019년 02월,7124.0,2019
제주특별자치도,서귀포시,천제연폭포,,2019년 02월,4358.0,2019
제주특별자치도,서귀포시,천지연폭포,,2019년 02월,1885.0,2019
제주특별자치도,서귀포시,카멜리아힐,,2019년 02월,3911.0,2019
제주특별자치도,서귀포시,퍼시픽랜드,,2019년 02월,0.0,2019
제주특별자치도,서귀포시,한화아쿠아플라넷제주,,2019년 02월,5728.0,2019
제주특별자치도,제주시,국립제주박물관,,2019년 03월,190.0,2019
제주특별자치도,제주시,도립미술관,,2019년 03월,10.0,2019
제주특별자치도,제주시,만장굴관광지,,2019년 03월,4631.0,2019
제주특별자치도,제주시,민속자연사박물관,,2019년 03월,6476.0,2019
제주특별자치도,제주시,비자림,,2019년 03월,142.0,2019
제주특별자치도,제주시,삼양선사유적지,,2019년 03월,9.0,2019
제주특별자치도,제주시,절물자연휴양림,,2019년 03월,0.0,2019
제주특별자치도,제주시,제주도립 김창열미술관,,2019년 03월,6.0,2019
제주특별자치도,제주시,제주돌문화공원,,2019년 03월,333.0,2019
제주특별자치도,제주시,제주목관아지,,2019년 03월,2441.0,2019
제주특별자치도,제주시,제주별빛누리공원,,2019년 03월,33.0,2019
제주특별자치도,제주시,제주항일기념관,,2019년 03월,78.0,2019
제주특별자치도,제주시,한라산국립공원,,2019년 03월,6980.0,2019
제주특별자치도,제주시,항몽 유적지,,2019년 03월,205.0,2019
제주특별자치도,제주시,해녀 박물관,,2019년 03월,953.0,2019
제주특별자치도,서귀포시,감귤박물관,,2019년 03월,134.0,2019
제주특별자치도,서귀포시,기당미술관,,2019년 03월,1.0,2019
제주특별자치도,서귀포시,마라해양도립공원,,2019년 03월,0.0,2019
제주특별자치도,서귀포시,박물관은살아있다,,2019년 03월,1185.0,2019
제주특별자치도,서귀포시,산방산,,2019년 03월,1360.0,2019
제주특별자치도,서귀포시,서귀포도립해양공원,,2019년 03월,0.0,2019
제주특별자치도,서귀포시,서귀포자연휴양림,,2019년 03월,46.0,2019
제주특별자치도,서귀포시,서복전시관,,2019년 03월,13.0,2019
제주특별자치도,서귀포시,성산일출봉,,2019년 03월,36111.0,2019
제주특별자치도,서귀포시,이중섭미술관,,2019년 03월,35.0,2019
제주특별자치도,서귀포시,일출랜드,,2019년 03월,333.0,2019
제주특별자치도,서귀포시,정방폭포,,2019년 03월,3703.0,2019
제주특별자치도,서귀포시,제주추사관,,2019년 03월,12.0,2019
제주특별자치도,서귀포시,중문대포해안주상절리대,,2019년 03월,10021.0,2019
제주특별자치도,서귀포시,천제연폭포,,2019년 03월,6109.0,2019
제주특별자치도,서귀포시,천지연폭포,,2019년 03월,3682.0,2019
제주특별자치도,서귀포시,카멜리아힐,,2019년 03월,2474.0,2019
제주특별자치도,서귀포시,퍼시픽랜드,,2019년 03월,0.0,2019
제주특별자치도,서귀포시,한화아쿠아플라넷제주,,2019년 03월,2747.0,2019
제주특별자치도,제주시,국립제주박물관,,2019년 04월,377.0,2019
제주특별자치도,제주시,도립미술관,,2019년 04월,6.0,2019
제주특별자치도,제주시,만장굴관광지,,2019년 04월,8602.0,2019
제주특별자치도,제주시,민속자연사박물관,,2019년 04월,7940.0,2019
제주특별자치도,제주시,비자림,,2019년 04월,307.0,2019
제주특별자치도,제주시,삼양선사유적지,,2019년 04월,52.0,2019
제주특별자치도,제주시,절물자연휴양림,,2019년 04월,0.0,2019
제주특별자치도,제주시,제주도립 김창열미술관,,2019년 04월,16.0,2019
제주특별자치도,제주시,제주돌문화공원,,2019년 04월,656.0,2019
제주특별자치도,제주시,제주목관아지,,2019년 04월,3082.0,2019
제주특별자치도,제주시,제주별빛누리공원,,2019년 04월,41.0,2019
제주특별자치도,제주시,제주항일기념관,,2019년 04월,151.0,2019
제주특별자치도,제주시,한라산국립공원,,2019년 04월,6233.0,2019
제주특별자치도,제주시,항몽 유적지,,2019년 04월,1416.0,2019
제주특별자치도,제주시,해녀 박물관,,2019년 04월,2260.0,2019
제주특별자치도,서귀포시,감귤박물관,,2019년 04월,225.0,2019
제주특별자치도,서귀포시,기당미술관,,2019년 04월,6.0,2019
제주특별자치도,서귀포시,마라해양도립공원,,2019년 04월,0.0,2019
제주특별자치도,서귀포시,박물관은살아있다,,2019년 04월,2033.0,2019
제주특별자치도,서귀포시,산방산,,2019년 04월,1468.0,2019
제주특별자치도,서귀포시,서귀포도립해양공원,,2019년 04월,0.0,2019
제주특별자치도,서귀포시,서귀포자연휴양림,,2019년 04월,39.0,2019
제주특별자치도,서귀포시,서복전시관,,2019년 04월,71.0,2019
제주특별자치도,서귀포시,성산일출봉,,2019년 04월,51398.0,2019
제주특별자치도,서귀포시,이중섭미술관,,2019년 04월,77.0,2019
제주특별자치도,서귀포시,일출랜드,,2019년 04월,559.0,2019
제주특별자치도,서귀포시,정방폭포,,2019년 04월,5356.0,2019
제주특별자치도,서귀포시,제주추사관,,2019년 04월,64.0,2019
제주특별자치도,서귀포시,중문대포해안주상절리대,,2019년 04월,19419.0,2019
제주특별자치도,서귀포시,천제연폭포,,2019년 04월,9901.0,2019
제주특별자치도,서귀포시,천지연폭포,,2019년 04월,6816.0,2019
제주특별자치도,서귀포시,카멜리아힐,,2019년 04월,3631.0,2019
제주특별자치도,서귀포시,퍼시픽랜드,,2019년 04월,0.0,2019
제주특별자치도,서귀포시,한화아쿠아플라넷제주,,2019년 04월,4211.0,2019
제주특별자치도,제주시,국립제주박물관,,2019년 05월,391.0,2019
제주특별자치도,제주시,도립미술관,,2019년 05월,26.0,2019
제주특별자치도,제주시,만장굴관광지,,2019년 05월,8398.0,2019
제주특별자치도,제주시,민속자연사박물관,,2019년 05월,7269.0,2019
제주특별자치도,제주시,비자림,,2019년 05월,405.0,2019
제주특별자치도,제주시,삼양선사유적지,,2019년 05월,68.0,2019
제주특별자치도,제주시,절물자연휴양림,,2019년 05월,0.0,2019
제주특별자치도,제주시,제주도립 김창열미술관,,2019년 05월,26.0,2019
제주특별자치도,제주시,제주돌문화공원,,2019년 05월,3164.0,2019
제주특별자치도,제주시,제주목관아지,,2019년 05월,3168.0,2019
제주특별자치도,제주시,제주별빛누리공원,,2019년 05월,9.0,2019
제주특별자치도,제주시,제주항일기념관,,2019년 05월,113.0,2019
제주특별자치도,제주시,한라산국립공원,,2019년 05월,8012.0,2019
제주특별자치도,제주시,항몽 유적지,,2019년 05월,344.0,2019
제주특별자치도,제주시,해녀 박물관,,2019년 05월,1958.0,2019
제주특별자치도,서귀포시,감귤박물관,,2019년 05월,444.0,2019
제주특별자치도,서귀포시,기당미술관,,2019년 05월,3.0,2019
제주특별자치도,서귀포시,마라해양도립공원,,2019년 05월,0.0,2019
제주특별자치도,서귀포시,박물관은살아있다,,2019년 05월,2027.0,2019
제주특별자치도,서귀포시,산방산,,2019년 05월,1487.0,2019
제주특별자치도,서귀포시,서귀포도립해양공원,,2019년 05월,0.0,2019
제주특별자치도,서귀포시,서귀포자연휴양림,,2019년 05월,51.0,2019
제주특별자치도,서귀포시,서복전시관,,2019년 05월,113.0,2019
제주특별자치도,서귀포시,성산일출봉,,2019년 05월,39014.0,2019
제주특별자치도,서귀포시,이중섭미술관,,2019년 05월,83.0,2019
제주특별자치도,서귀포시,일출랜드,,2019년 05월,1920.0,2019
제주특별자치도,서귀포시,정방폭포,,2019년 05월,4810.0,2019
제주특별자치도,서귀포시,제주추사관,,2019년 05월,21.0,2019
제주특별자치도,서귀포시,중문대포해안주상절리대,,2019년 05월,16535.0,2019
제주특별자치도,서귀포시,천제연폭포,,2019년 05월,8796.0,2019
제주특별자치도,서귀포시,천지연폭포,,2019년 05월,4893.0,2019
제주특별자치도,서귀포시,카멜리아힐,,2019년 05월,4097.0,2019
제주특별자치도,서귀포시,퍼시픽랜드,,2019년 05월,0.0,2019
제주특별자치도,서귀포시,한화아쿠아플라넷제주,,2019년 05월,4599.0,2019
제주특별자치도,제주시,국립제주박물관,,2019년 06월,367.0,2019
제주특별자치도,제주시,도립미술관,,2019년 06월,32.0,2019
제주특별자치도,제주시,만장굴관광지,,2019년 06월,9534.0,2019
제주특별자치도,제주시,민속자연사박물관,,2019년 06월,7031.0,2019
제주특별자치도,제주시,비자림,,2019년 06월,496.0,2019
제주특별자치도,제주시,삼양선사유적지,,2019년 06월,80.0,2019
제주특별자치도,제주시,절물자연휴양림,,2019년 06월,0.0,2019
제주특별자치도,제주시,제주도립 김창열미술관,,2019년 06월,6.0,2019
제주특별자치도,제주시,제주돌문화공원,,2019년 06월,599.0,2019
제주특별자치도,제주시,제주목관아지,,2019년 06월,3438.0,2019
제주특별자치도,제주시,제주별빛누리공원,,2019년 06월,37.0,2019
제주특별자치도,제주시,제주항일기념관,,2019년 06월,88.0,2019
제주특별자치도,제주시,한라산국립공원,,2019년 06월,8306.0,2019
제주특별자치도,제주시,항몽 유적지,,2019년 06월,621.0,2019
제주특별자치도,제주시,해녀 박물관,,2019년 06월,2128.0,2019
제주특별자치도,서귀포시,감귤박물관,,2019년 06월,366.0,2019
제주특별자치도,서귀포시,기당미술관,,2019년 06월,5.0,2019
제주특별자치도,서귀포시,마라해양도립공원,,2019년 06월,0.0,2019
제주특별자치도,서귀포시,박물관은살아있다,,2019년 06월,2853.0,2019
제주특별자치도,서귀포시,산방산,,2019년 06월,1048.0,2019
제주특별자치도,서귀포시,서귀포도립해양공원,,2019년 06월,0.0,2019
제주특별자치도,서귀포시,서귀포자연휴양림,,2019년 06월,21.0,2019
제주특별자치도,서귀포시,서복전시관,,2019년 06월,531.0,2019
제주특별자치도,서귀포시,성산일출봉,,2019년 06월,42687.0,2019
제주특별자치도,서귀포시,이중섭미술관,,2019년 06월,0.0,2019
제주특별자치도,서귀포시,일출랜드,,2019년 06월,2546.0,2019
제주특별자치도,서귀포시,정방폭포,,2019년 06월,5797.0,2019
제주특별자치도,서귀포시,제주추사관,,2019년 06월,0.0,2019
제주특별자치도,서귀포시,중문대포해안주상절리대,,2019년 06월,16309.0,2019
제주특별자치도,서귀포시,천제연폭포,,2019년 06월,10997.0,2019
제주특별자치도,서귀포시,천지연폭포,,2019년 06월,8030.0,2019
제주특별자치도,서귀포시,카멜리아힐,,2019년 06월,4654.0,2019
제주특별자치도,서귀포시,퍼시픽랜드,,2019년 06월,0.0,2019
제주특별자치도,서귀포시,한화아쿠아플라넷제주,,2019년 06월,3920.0,2019
제주특별자치도,제주시,국립제주박물관,,2019년 07월,493.0,2019
제주특별자치도,제주시,도립미술관,,2019년 07월,22.0,2019
제주특별자치도,제주시,만장굴관광지,,2019년 07월,7276.0,2019
제주특별자치도,제주시,민속자연사박물관,,2019년 07월,7568.0,2019
제주특별자치도,제주시,비자림,,2019년 07월,185.0,2019
제주특별자치도,제주시,삼양선사유적지,,2019년 07월,89.0,2019
제주특별자치도,제주시,절물자연휴양림,,2019년 07월,0.0,2019
제주특별자치도,제주시,제주도립 김창열미술관,,2019년 07월,6.0,2019
제주특별자치도,제주시,제주돌문화공원,,2019년 07월,326.0,2019
제주특별자치도,제주시,제주목관아지,,2019년 07월,3300.0,2019
제주특별자치도,제주시,제주별빛누리공원,,2019년 07월,74.0,2019
제주특별자치도,제주시,제주항일기념관,,2019년 07월,56.0,2019
제주특별자치도,제주시,한라산국립공원,,2019년 07월,6273.0,2019
제주특별자치도,제주시,항몽 유적지,,2019년 07월,640.0,2019
제주특별자치도,제주시,해녀 박물관,,2019년 07월,2114.0,2019
제주특별자치도,서귀포시,감귤박물관,,2019년 07월,250.0,2019
제주특별자치도,서귀포시,기당미술관,,2019년 07월,8.0,2019
제주특별자치도,서귀포시,마라해양도립공원,,2019년 07월,0.0,2019
제주특별자치도,서귀포시,박물관은살아있다,,2019년 07월,3428.0,2019
제주특별자치도,서귀포시,산방산,,2019년 07월,1076.0,2019
제주특별자치도,서귀포시,서귀포도립해양공원,,2019년 07월,0.0,2019
제주특별자치도,서귀포시,서귀포자연휴양림,,2019년 07월,24.0,2019
제주특별자치도,서귀포시,서복전시관,,2019년 07월,563.0,2019
제주특별자치도,서귀포시,성산일출봉,,2019년 07월,31669.0,2019
제주특별자치도,서귀포시,이중섭미술관,,2019년 07월,134.0,2019
제주특별자치도,서귀포시,일출랜드,,2019년 07월,2261.0,2019
제주특별자치도,서귀포시,정방폭포,,2019년 07월,3299.0,2019
제주특별자치도,서귀포시,제주추사관,,2019년 07월,2.0,2019
제주특별자치도,서귀포시,중문대포해안주상절리대,,2019년 07월,12240.0,2019
제주특별자치도,서귀포시,천제연폭포,,2019년 07월,8233.0,2019
제주특별자치도,서귀포시,천지연폭포,,2019년 07월,4709.0,2019
제주특별자치도,서귀포시,카멜리아힐,,2019년 07월,6112.0,2019
제주특별자치도,서귀포시,퍼시픽랜드,,2019년 07월,0.0,2019
제주특별자치도,서귀포시,한화아쿠아플라넷제주,,2019년 07월,9960.0,2019
제주특별자치도,제주시,국립제주박물관,,2019년 08월,656.0,2019
제주특별자치도,제주시,도립미술관,,2019년 08월,17.0,2019
제주특별자치도,제주시,만장굴관광지,,2019년 08월,7724.0,2019
제주특별자치도,제주시,민속자연사박물관,,2019년 08월,8404.0,2019
제주특별자치도,제주시,비자림,,2019년 08월,362.0,2019
제주특별자치도,제주시,삼양선사유적지,,2019년 08월,66.0,2019
제주특별자치도,제주시,절물자연휴양림,,2019년 08월,0.0,2019
제주특별자치도,제주시,제주도립 김창열미술관,,2019년 08월,8.0,2019
제주특별자치도,제주시,제주돌문화공원,,2019년 08월,435.0,2019
제주특별자치도,제주시,제주목관아지,,2019년 08월,4015.0,2019
제주특별자치도,제주시,제주별빛누리공원,,2019년 08월,0.0,2019
제주특별자치도,제주시,제주항일기념관,,2019년 08월,85.0,2019
제주특별자치도,제주시,한라산국립공원,,2019년 08월,6530.0,2019
제주특별자치도,제주시,항몽 유적지,,2019년 08월,344.0,2019
제주특별자치도,제주시,해녀 박물관,,2019년 08월,2555.0,2019
제주특별자치도,서귀포시,감귤박물관,,2019년 08월,264.0,2019
제주특별자치도,서귀포시,기당미술관,,2019년 08월,7.0,2019
제주특별자치도,서귀포시,마라해양도립공원,,2019년 08월,0.0,2019
제주특별자치도,서귀포시,박물관은살아있다,,2019년 08월,4004.0,2019
제주특별자치도,서귀포시,산방산,,2019년 08월,894.0,2019
제주특별자치도,서귀포시,서귀포도립해양공원,,2019년 08월,0.0,2019
제주특별자치도,서귀포시,서귀포자연휴양림,,2019년 08월,0.0,2019
제주특별자치도,서귀포시,서복전시관,,2019년 08월,839.0,2019
제주특별자치도,서귀포시,성산일출봉,,2019년 08월,31248.0,2019
제주특별자치도,서귀포시,이중섭미술관,,2019년 08월,144.0,2019
제주특별자치도,서귀포시,일출랜드,,2019년 08월,2429.0,2019
제주특별자치도,서귀포시,정방폭포,,2019년 08월,3030.0,2019
제주특별자치도,서귀포시,제주추사관,,2019년 08월,12.0,2019
제주특별자치도,서귀포시,중문대포해안주상절리대,,2019년 08월,13431.0,2019
제주특별자치도,서귀포시,천제연폭포,,2019년 08월,8802.0,2019
제주특별자치도,서귀포시,천지연폭포,,2019년 08월,4632.0,2019
제주특별자치도,서귀포시,카멜리아힐,,2019년 08월,3759.0,2019
제주특별자치도,서귀포시,퍼시픽랜드,,2019년 08월,0.0,2019
제주특별자치도,서귀포시,한화아쿠아플라넷제주,,2019년 08월,13794.0,2019
제주특별자치도,제주시,국립제주박물관,,2019년 09월,517.0,2019
제주특별자치도,제주시,도립미술관,,2019년 09월,18.0,2019
제주특별자치도,제주시,만장굴관광지,,2019년 09월,6943.0,2019
제주특별자치도,제주시,민속자연사박물관,,2019년 09월,6072.0,2019
제주특별자치도,제주시,비자림,,2019년 09월,452.0,2019
제주특별자치도,제주시,삼양선사유적지,,2019년 09월,84.0,2019
제주특별자치도,제주시,절물자연휴양림,,2019년 09월,0.0,2019
제주특별자치도,제주시,제주도립 김창열미술관,,2019년 09월,16.0,2019
제주특별자치도,제주시,제주돌문화공원,,2019년 09월,398.0,2019
제주특별자치도,제주시,제주목관아지,,2019년 09월,3932.0,2019
제주특별자치도,제주시,제주별빛누리공원,,2019년 09월,0.0,2019
제주특별자치도,제주시,제주항일기념관,,2019년 09월,52.0,2019
제주특별자치도,제주시,한라산국립공원,,2019년 09월,6497.0,2019
제주특별자치도,제주시,항몽 유적지,,2019년 09월,399.0,2019
제주특별자치도,제주시,해녀 박물관,,2019년 09월,2474.0,2019
제주특별자치도,서귀포시,감귤박물관,,2019년 09월,209.0,2019
제주특별자치도,서귀포시,기당미술관,,2019년 09월,0.0,2019
제주특별자치도,서귀포시,마라해양도립공원,,2019년 09월,0.0,2019
제주특별자치도,서귀포시,박물관은살아있다,,2019년 09월,2205.0,2019
제주특별자치도,서귀포시,산방산,,2019년 09월,763.0,2019
제주특별자치도,서귀포시,서귀포도립해양공원,,2019년 09월,0.0,2019
제주특별자치도,서귀포시,서귀포자연휴양림,,2019년 09월,0.0,2019
제주특별자치도,서귀포시,서복전시관,,2019년 09월,570.0,2019
제주특별자치도,서귀포시,성산일출봉,,2019년 09월,22063.0,2019
제주특별자치도,서귀포시,이중섭미술관,,2019년 09월,32.0,2019
제주특별자치도,서귀포시,일출랜드,,2019년 09월,1550.0,2019
제주특별자치도,서귀포시,정방폭포,,2019년 09월,3553.0,2019
제주특별자치도,서귀포시,제주추사관,,2019년 09월,26.0,2019
제주특별자치도,서귀포시,중문대포해안주상절리대,,2019년 09월,11308.0,2019
제주특별자치도,서귀포시,천제연폭포,,2019년 09월,7021.0,2019
제주특별자치도,서귀포시,천지연폭포,,2019년 09월,5165.0,2019
제주특별자치도,서귀포시,카멜리아힐,,2019년 09월,4380.0,2019
제주특별자치도,서귀포시,퍼시픽랜드,,2019년 09월,0.0,2019
제주특별자치도,서귀포시,한화아쿠아플라넷제주,,2019년 09월,7212.0,2019
제주특별자치도,제주시,국립제주박물관,,2019년 10월,495.0,2019
제주특별자치도,제주시,도립미술관,,2019년 10월,125.0,2019
제주특별자치도,제주시,만장굴관광지,,2019년 10월,8669.0,2019
제주특별자치도,제주시,민속자연사박물관,,2019년 10월,7176.0,2019
제주특별자치도,제주시,비자림,,2019년 10월,628.0,2019
제주특별자치도,제주시,삼양선사유적지,,2019년 10월,17.0,2019
제주특별자치도,제주시,절물자연휴양림,,2019년 10월,0.0,2019
제주특별자치도,제주시,제주도립 김창열미술관,,2019년 10월,25.0,2019
제주특별자치도,제주시,제주돌문화공원,,2019년 10월,800.0,2019
제주특별자치도,제주시,제주목관아지,,2019년 10월,4971.0,2019
제주특별자치도,제주시,제주별빛누리공원,,2019년 10월,0.0,2019
제주특별자치도,제주시,제주항일기념관,,2019년 10월,82.0,2019
제주특별자치도,제주시,한라산국립공원,,2019년 10월,8995.0,2019
제주특별자치도,제주시,항몽 유적지,,2019년 10월,480.0,2019
제주특별자치도,제주시,해녀 박물관,,2019년 10월,2651.0,2019
제주특별자치도,서귀포시,감귤박물관,,2019년 10월,62.0,2019
제주특별자치도,서귀포시,기당미술관,,2019년 10월,4.0,2019
제주특별자치도,서귀포시,마라해양도립공원,,2019년 10월,0.0,2019
제주특별자치도,서귀포시,박물관은살아있다,,2019년 10월,2825.0,2019
제주특별자치도,서귀포시,산방산,,2019년 10월,925.0,2019
제주특별자치도,서귀포시,서귀포도립해양공원,,2019년 10월,0.0,2019
제주특별자치도,서귀포시,서귀포자연휴양림,,2019년 10월,92.0,2019
제주특별자치도,서귀포시,서복전시관,,2019년 10월,628.0,2019
제주특별자치도,서귀포시,성산일출봉,,2019년 10월,40417.0,2019
제주특별자치도,서귀포시,이중섭미술관,,2019년 10월,77.0,2019
제주특별자치도,서귀포시,일출랜드,,2019년 10월,,2019
제주특별자치도,서귀포시,정방폭포,,2019년 10월,8045.0,2019
제주특별자치도,서귀포시,제주추사관,,2019년 10월,63.0,2019
제주특별자치도,서귀포시,중문대포해안주상절리대,,2019년 10월,15810.0,2019
제주특별자치도,서귀포시,천제연폭포,,2019년 10월,7772.0,2019
제주특별자치도,서귀포시,천지연폭포,,2019년 10월,6853.0,2019
제주특별자치도,서귀포시,카멜리아힐,,2019년 10월,15120.0,2019
제주특별자치도,서귀포시,퍼시픽랜드,,2019년 10월,,2019
제주특별자치도,서귀포시,한화아쿠아플라넷제주,,2019년 10월,7782.0,2019
제주특별자치도,제주시,국립제주박물관,,2019년 11월,448.0,2019
제주특별자치도,제주시,도립미술관,,2019년 11월,305.0,2019
제주특별자치도,제주시,만장굴관광지,,2019년 11월,6028.0,2019
제주특별자치도,제주시,민속자연사박물관,,2019년 11월,7628.0,2019
제주특별자치도,제주시,비자림,,2019년 11월,354.0,2019
제주특별자치도,제주시,삼양선사유적지,,2019년 11월,14.0,2019
제주특별자치도,제주시,절물자연휴양림,,2019년 11월,0.0,2019
제주특별자치도,제주시,제주도립 김창열미술관,,2019년 11월,37.0,2019
제주특별자치도,제주시,제주돌문화공원,,2019년 11월,512.0,2019
제주특별자치도,제주시,제주목관아지,,2019년 11월,3320.0,2019
제주특별자치도,제주시,제주별빛누리공원,,2019년 11월,0.0,2019
제주특별자치도,제주시,제주항일기념관,,2019년 11월,71.0,2019
제주특별자치도,제주시,한라산국립공원,,2019년 11월,7910.0,2019
제주특별자치도,제주시,항몽 유적지,,2019년 11월,509.0,2019
제주특별자치도,제주시,해녀 박물관,,2019년 11월,1127.0,2019
제주특별자치도,서귀포시,감귤박물관,,2019년 11월,5.0,2019
제주특별자치도,서귀포시,기당미술관,,2019년 11월,0.0,2019
제주특별자치도,서귀포시,마라해양도립공원,,2019년 11월,0.0,2019
제주특별자치도,서귀포시,박물관은살아있다,,2019년 11월,1900.0,2019
제주특별자치도,서귀포시,산방산,,2019년 11월,691.0,2019
제주특별자치도,서귀포시,서귀포도립해양공원,,2019년 11월,0.0,2019
제주특별자치도,서귀포시,서귀포자연휴양림,,2019년 11월,32.0,2019
제주특별자치도,서귀포시,서복전시관,,2019년 11월,371.0,2019
제주특별자치도,서귀포시,성산일출봉,,2019년 11월,27633.0,2019
제주특별자치도,서귀포시,이중섭미술관,,2019년 11월,38.0,2019
제주특별자치도,서귀포시,일출랜드,,2019년 11월,,2019
제주특별자치도,서귀포시,정방폭포,,2019년 11월,5236.0,2019
제주특별자치도,서귀포시,제주추사관,,2019년 11월,8.0,2019
제주특별자치도,서귀포시,중문대포해안주상절리대,,2019년 11월,13032.0,2019
제주특별자치도,서귀포시,천제연폭포,,2019년 11월,5958.0,2019
제주특별자치도,서귀포시,천지연폭포,,2019년 11월,5094.0,2019
제주특별자치도,서귀포시,카멜리아힐,,2019년 11월,21522.0,2019
제주특별자치도,서귀포시,퍼시픽랜드,,2019년 11월,,2019
제주특별자치도,서귀포시,한화아쿠아플라넷제주,,2019년 11월,5218.0,2019
제주특별자치도,제주시,국립제주박물관,,2019년 12월,749.0,2019
제주특별자치도,제주시,도립미술관,,2019년 12월,129.0,2019
제주특별자치도,제주시,만장굴관광지,,2019년 12월,5317.0,2019
제주특별자치도,제주시,민속자연사박물관,,2019년 12월,9387.0,2019
제주특별자치도,제주시,비자림,,2019년 12월,159.0,2019
제주특별자치도,제주시,삼양선사유적지,,2019년 12월,15.0,2019
제주특별자치도,제주시,절물자연휴양림,,2019년 12월,0.0,2019
제주특별자치도,제주시,제주도립 김창열미술관,,2019년 12월,14.0,2019
제주특별자치도,제주시,제주돌문화공원,,2019년 12월,271.0,2019
제주특별자치도,제주시,제주목관아지,,2019년 12월,3101.0,2019
제주특별자치도,제주시,제주별빛누리공원,,2019년 12월,0.0,2019
제주특별자치도,제주시,제주항일기념관,,2019년 12월,59.0,2019
제주특별자치도,제주시,한라산국립공원,,2019년 12월,7938.0,2019
제주특별자치도,제주시,항몽 유적지,,2019년 12월,676.0,2019
제주특별자치도,제주시,해녀 박물관,,2019년 12월,1948.0,2019
제주특별자치도,서귀포시,감귤박물관,,2019년 12월,67.0,2019
제주특별자치도,서귀포시,기당미술관,,2019년 12월,4.0,2019
제주특별자치도,서귀포시,마라해양도립공원,,2019년 12월,0.0,2019
제주특별자치도,서귀포시,박물관은살아있다,,2019년 12월,1833.0,2019
제주특별자치도,서귀포시,산방산,,2019년 12월,995.0,2019
제주특별자치도,서귀포시,서귀포도립해양공원,,2019년 12월,0.0,2019
제주특별자치도,서귀포시,서귀포자연휴양림,,2019년 12월,19.0,2019
제주특별자치도,서귀포시,서복전시관,,2019년 12월,114.0,2019
제주특별자치도,서귀포시,성산일출봉,,2019년 12월,35052.0,2019
제주특별자치도,서귀포시,이중섭미술관,,2019년 12월,8.0,2019
제주특별자치도,서귀포시,일출랜드,,2019년 12월,,2019
제주특별자치도,서귀포시,정방폭포,,2019년 12월,4354.0,2019
제주특별자치도,서귀포시,제주추사관,,2019년 12월,12.0,2019
제주특별자치도,서귀포시,중문대포해안주상절리대,,2019년 12월,11369.0,2019
제주특별자치도,서귀포시,천제연폭포,,2019년 12월,5320.0,2019
제주특별자치도,서귀포시,천지연폭포,,2019년 12월,4729.0,2019
제주특별자치도,서귀포시,카멜리아힐,,2019년 12월,26897.0,2019
제주특별자치도,서귀포시,퍼시픽랜드,,2019년 12월,,2019
제주특별자치도,서귀포시,한화아쿠아플라넷제주,,2019년 12월,5792.0,2019
